Item_ID,Item_Code,Material_Grade,Application,Nominal_Diameter_mm,Wall_Thickness_mm,SDR,Color,Standard_Length,Unit
ITM-001,PE80-WTR-063-SDR11,PE-80,Water,63,5.8,SDR 11,Blue,100,m
ITM-002,PE80-WTR-090-SDR11,PE-80,Water,90,8.2,SDR 11,Blue,100,m
ITM-003,PE80-WTR-110-SDR11,PE-80,Water,110,10.0,SDR 11,Blue,100,m
ITM-004,PE100-WTR-125-SDR11,PE-100,Water,125,11.4,SDR 11,Blue,100,m
ITM-005,PE100-WTR-160-SDR11,PE-100,Water,160,14.6,SDR 11,Blue,100,m
ITM-006,PE100-WTR-200-SDR11,PE-100,Water,200,18.2,SDR 11,Blue,100,m
ITM-007,PE100-SEW-250-SDR17,PE-100,Sewerage,250,14.7,SDR 17,Black,100,m
ITM-008,PE100-SEW-315-SDR17,PE-100,Sewerage,315,18.5,SDR 17,Black,100,m
ITM-009,PE100-SEW-400-SDR17,PE-100,Sewerage,400,23.5,SDR 17,Black,100,m
ITM-010,PE80-GAS-063-SDR11,PE-80,Gas,63,5.8,SDR 11,Yellow,100,m
ITM-011,PE80-GAS-090-SDR11,PE-80,Gas,90,8.2,SDR 11,Yellow,100,m
ITM-012,PE100-GAS-110-SDR11,PE-100,Gas,110,10.0,SDR 11,Yellow,100,m
ITM-013,PE100-GAS-160-SDR11,PE-100,Gas,160,14.6,SDR 11,Yellow,100,m
ITM-014,PE100-WTR-250-SDR13.6,PE-100,Water,250,18.4,SDR 13.6,Blue,100,m
ITM-015,PE100-SEW-500-SDR17,PE-100,Sewerage,500,29.4,SDR 17,Black,100,m
