Production_ID,Item_ID,Production_Date,Batch_No,Production_Line,Planned_Qty_m,Good_Qty_m,Rejected_Qty_m,Production_Status
PRD-001,ITM-001,2026-09-01,BATCH-260901-01,Extrusion Line 1,1200,1000,200,Completed
PRD-002,ITM-002,2026-09-02,BATCH-260902-01,Extrusion Line 1,1000,920,80,Completed
PRD-003,ITM-003,2026-09-03,BATCH-260903-01,Extrusion Line 2,900,850,50,Completed
PRD-004,ITM-004,2026-09-04,BATCH-260904-01,Extrusion Line 2,800,760,40,Completed
PRD-005,ITM-005,2026-09-05,BATCH-260905-01,Extrusion Line 3,700,650,50,Completed
PRD-006,ITM-006,2026-09-06,BATCH-260906-01,Extrusion Line 3,600,570,30,Completed
PRD-007,ITM-007,2026-09-08,BATCH-260908-01,Extrusion Line 4,500,470,30,Completed
PRD-008,ITM-008,2026-09-09,BATCH-260909-01,Extrusion Line 4,400,380,20,Completed
PRD-009,ITM-009,2026-09-10,BATCH-260910-01,Extrusion Line 5,300,285,15,Completed
PRD-010,ITM-010,2026-09-11,BATCH-260911-01,Extrusion Line 1,1100,1040,60,Completed
PRD-011,ITM-011,2026-09-12,BATCH-260912-01,Extrusion Line 1,900,850,50,Completed
PRD-012,ITM-012,2026-09-15,BATCH-260915-01,Extrusion Line 2,800,770,30,Completed
PRD-013,ITM-013,2026-09-16,BATCH-260916-01,Extrusion Line 3,600,570,30,Completed
PRD-014,ITM-014,2026-09-17,BATCH-260917-01,Extrusion Line 5,450,420,30,Completed
PRD-015,ITM-015,2026-09-18,BATCH-260918-01,Extrusion Line 5,250,235,15,Completed
