Stock_ID,Item_ID,Production_ID,Batch_No,Stock_Date,Opening_Stock_m,Produced_Qty_m,Dispatched_Qty_m,Closing_Stock_m,Stock_Status
STK-001,ITM-001,PRD-001,BATCH-260901-01,2026-09-01,300,1000,500,800,Available
STK-002,ITM-002,PRD-002,BATCH-260902-01,2026-09-02,250,920,300,870,Available
STK-003,ITM-003,PRD-003,BATCH-260903-01,2026-09-03,200,850,250,800,Available
STK-004,ITM-004,PRD-004,BATCH-260904-01,2026-09-04,180,760,200,740,Available
STK-005,ITM-005,PRD-005,BATCH-260905-01,2026-09-05,150,650,180,620,Available
STK-006,ITM-006,PRD-006,BATCH-260906-01,2026-09-06,120,570,150,540,Available
STK-007,ITM-007,PRD-007,BATCH-260908-01,2026-09-08,100,470,120,450,Available
STK-008,ITM-008,PRD-008,BATCH-260909-01,2026-09-09,90,380,100,370,Available
STK-009,ITM-009,PRD-009,BATCH-260910-01,2026-09-10,80,285,60,305,Available
STK-010,ITM-010,PRD-010,BATCH-260911-01,2026-09-11,300,1040,450,890,Available
STK-011,ITM-011,PRD-011,BATCH-260912-01,2026-09-12,250,850,300,800,Available
STK-012,ITM-012,PRD-012,BATCH-260915-01,2026-09-15,180,770,250,700,Available
STK-013,ITM-013,PRD-013,BATCH-260916-01,2026-09-16,150,570,200,520,Available
STK-014,ITM-014,PRD-014,BATCH-260917-01,2026-09-17,100,420,120,400,Available
STK-015,ITM-015,PRD-015,BATCH-260918-01,2026-09-18,70,235,80,225,Available
